k,silhouette,davies_bouldin,calinski_harabasz
2,0.90397596,0.6642352842427534,2315.051131514305
3,0.30639994,1.1469871520283437,2286.945308938754
4,0.31059045,1.049712196090572,2239.2353488014137
5,0.34099874,0.9876367707927516,2370.7727162077204
6,0.35791582,0.8815395030687361,2520.127940345326
7,0.35757276,0.8658204486483566,2356.944498281762
8,0.28405875,1.0207977875213934,2308.2461888820235
9,0.29099494,1.0183722221267364,2264.780715573896
10,0.2906167,0.9869582805889843,2256.3919700575507
