k,silhouette,davies_bouldin,calinski_harabasz
2,0.08792641,3.145887791279584,570.1417575212784
3,0.07132176,3.1244317512606976,453.6656914313666
4,0.07340073,2.785278952000359,395.14591361962607
5,0.06699191,2.939032717809595,354.1641270921243
6,0.065380566,2.88300037283251,324.3910364977321
7,0.0673101,2.687347997562813,302.48922698049404
8,0.066896394,2.566030563885291,288.4377389320012
9,0.07462812,2.508578973403504,276.22136471533906
10,0.076378725,2.540467506103666,263.5408864940495
