k,silhouette,davies_bouldin,calinski_harabasz
2,0.9239121675491333,0.5255674307666142,1701.697098139413
3,0.30184563994407654,1.114244238571889,1964.0978449524296
4,0.33444997668266296,1.0230573383630153,1962.0188038108731
5,0.34269270300865173,1.0388752052257155,2011.8193304693916
6,0.3544047176837921,0.9202405984542383,2200.535527554428
7,0.3548058569431305,0.9051364020150862,2066.048876598324
8,0.27154263854026794,1.0288281458796802,2001.0496844474735
9,0.27734610438346863,1.0265368197554143,1987.1808715066857
10,0.2829129993915558,1.008107004298586,1980.6909407881944
